Steps,Policy/Entropy,Policy/Extrinsic Value Estimate,Environment/Episode Length,Environment/Cumulative Reward,Policy/Extrinsic Reward,Is Training
10000,1.4189383,-0.15713473,999.0,0.0,0.0,1.0
20000,1.4189383,-0.16980663,999.0,0.0,0.0,1.0
30000,1.4186438,-0.037976205,999.0,0.0,0.0,1.0
40000,1.4185904,-0.047516685,999.0,-0.21428571428571427,-0.21428571428571427,1.0
50000,1.4177756,-0.0042966725,999.0,0.0,0.0,1.0
60000,1.4176077,0.007083863,999.0,-0.4090909090909091,-0.4090909090909091,1.0
70000,1.4172813,-0.009815292,999.0,0.0,0.0,1.0
80000,1.4171385,0.015842646,999.0,0.0,0.0,1.0
90000,1.4168441,0.02939811,999.0,-0.7272727272727273,-0.7272727272727273,1.0
100000,1.4166178,0.012456633,999.0,-0.6428571428571429,-0.6428571428571429,1.0
110000,1.416794,0.012894742,999.0,-2.9166666666666665,-2.9166666666666665,1.0
120000,1.4169897,0.007486197,999.0,0.0,0.0,1.0
130000,1.4171981,0.0038984984,999.0,0.0,0.0,1.0
140000,1.417473,0.0063548847,999.0,-0.125,-0.125,1.0
150000,1.4173398,0.01496079,999.0,0.25853649052706634,0.25853649052706634,1.0
160000,1.4169809,-0.004363286,999.0,-1.7756742068699427,-1.7756742068699427,1.0
170000,1.4170483,-0.0052442728,999.0,-0.25,-0.25,1.0
180000,1.4173596,-0.0025135868,999.0,-0.8181818181818182,-0.8181818181818182,1.0
190000,1.4175192,0.0072171018,999.0,0.0,0.0,1.0
200000,1.4187814,-0.010640627,999.0,-0.125,-0.125,1.0
210000,1.4187814,-0.01791334,999.0,0.0,0.0,1.0
220000,1.418619,-0.012752572,999.0,0.0,0.0,1.0
230000,1.4186038,-0.02148152,999.0,0.0,0.0,1.0
240000,1.4184574,-0.015133226,999.0,0.0,0.0,1.0
250000,1.4184353,-0.013895251,999.0,0.2010899611881801,0.2010899611881801,1.0
260000,1.4172944,-0.006791363,999.0,-0.4166666666666667,-0.4166666666666667,1.0
270000,1.4170552,-0.013567105,999.0,0.0,0.0,1.0
280000,1.4171082,-0.0025574798,999.0,0.0,0.0,1.0
290000,1.4171435,0.004378017,999.0,0.0,0.0,1.0
300000,1.4172571,0.003149617,999.0,0.010750121691010216,0.010750121691010216,1.0
310000,1.4173311,0.00418332,999.0,0.0,0.0,1.0
320000,1.4169203,0.0014360307,999.0,-0.20833333333333334,-0.20833333333333334,1.0
330000,1.4165262,0.00858484,999.0,-0.045454545454545456,-0.045454545454545456,1.0
340000,1.4161468,0.008169858,999.0,0.0,0.0,1.0
350000,1.4155909,0.010616687,999.0,0.0,0.0,1.0
360000,1.4154228,0.0057742,999.0,0.03722829168493098,0.03722829168493098,1.0
370000,1.4149811,0.01431196,999.0,0.0,0.0,1.0
380000,1.4150211,0.009336741,999.0,0.0,0.0,1.0
390000,1.4151617,0.015111062,999.0,0.0,0.0,1.0
400000,1.4152328,0.021489251,999.0,-0.35714285714285715,-0.35714285714285715,1.0
410000,1.415764,0.017533448,999.0,0.0,0.0,1.0
420000,1.415764,0.021669962,999.0,0.0,0.0,1.0
430000,1.4141284,0.022345483,999.0,0.0,0.0,1.0
440000,1.4140742,0.01831441,999.0,-0.9166666666666666,-0.9166666666666666,1.0
450000,1.4131671,0.020927068,999.0,0.1902554685419256,0.1902554685419256,1.0
460000,1.4130782,0.008935402,999.0,0.0,0.0,1.0
470000,1.4125729,0.018476035,999.0,0.0,0.0,1.0
480000,1.4124582,-0.016992828,999.0,-3.272727272727273,-3.272727272727273,1.0
490000,1.4122171,0.015425784,999.0,0.0,0.0,1.0
500000,1.4121095,0.021152532,999.0,0.033774559696515404,0.033774559696515404,1.0
510000,1.4111086,0.01682671,999.0,0.0,0.0,1.0
520000,1.4103935,0.024033641,999.0,0.0,0.0,1.0
530000,1.4086678,0.0149844345,999.0,-0.16666666666666666,-0.16666666666666666,1.0
540000,1.4070123,0.018918995,999.0,-0.09090909090909091,-0.09090909090909091,1.0
550000,1.4065032,0.01989234,999.0,-0.07142857142857142,-0.07142857142857142,1.0
560000,1.4057941,0.019838998,999.0,0.0,0.0,1.0
570000,1.4057959,0.013506226,999.0,-0.09090909090909091,-0.09090909090909091,1.0
580000,1.4057839,0.014220679,999.0,-0.42857142857142855,-0.42857142857142855,1.0
590000,1.4060236,0.015427733,999.0,-0.4583333333333333,-0.4583333333333333,1.0
600000,1.4069518,0.019907907,999.0,0.0,0.0,1.0
610000,1.4067153,0.015029212,999.0,0.0,0.0,1.0
620000,1.4048089,0.01635031,999.0,0.0,0.0,1.0
630000,1.4048089,0.016661938,999.0,0.0,0.0,1.0
640000,1.4022828,0.014532733,999.0,0.0,0.0,1.0
650000,1.4022216,0.01638936,999.0,0.0,0.0,1.0
660000,1.4007409,0.009004724,999.0,0.016442283987998962,0.016442283987998962,1.0
670000,1.4005611,0.014751543,999.0,0.0,0.0,1.0
680000,1.3998506,0.014361436,999.0,0.011871565133333206,0.011871565133333206,1.0
690000,1.3996962,0.013065097,999.0,0.0,0.0,1.0
700000,1.3995351,0.013170421,999.0,0.0,0.0,1.0
710000,1.39946,0.012364182,999.0,0.0,0.0,1.0
720000,1.3994131,0.013324924,999.0,0.0,0.0,1.0
730000,1.3993784,0.009744836,999.0,0.021174960902759006,0.021174960902759006,1.0
740000,1.3986971,0.011579106,999.0,0.0,0.0,1.0
750000,1.3980439,0.008927457,999.0,0.1136747192252766,0.1136747192252766,1.0
760000,1.3975443,0.0111575285,999.0,0.021806197507040843,0.021806197507040843,1.0
770000,1.39682,0.012723209,999.0,0.0,0.0,1.0
780000,1.3964387,0.01347586,999.0,0.0833012962883169,0.0833012962883169,1.0
790000,1.3954098,0.010205264,999.0,0.09336884319782257,0.09336884319782257,1.0
800000,1.3951285,0.015032555,999.0,0.6535642258822918,0.6535642258822918,1.0
810000,1.3940722,0.02171262,999.0,0.3245024735277349,0.3245024735277349,1.0
820000,1.3940008,0.028557371,999.0,1.3120020553469658,1.3120020553469658,1.0
830000,1.3935108,0.03536705,999.0,1.70048093299071,1.70048093299071,1.0
840000,1.3935108,0.048736356,999.0,2.6271089335734192,2.6271089335734192,1.0
850000,1.392305,0.07298175,999.0,4.359996627484049,4.359996627484049,1.0
860000,1.3922673,0.06216786,999.0,2.2134559005498886,2.2134559005498886,1.0
870000,1.3908627,0.10184367,999.0,4.552711490880359,4.552711490880359,1.0
880000,1.3907031,0.12935387,999.0,5.556710870138237,5.556710870138237,1.0
890000,1.3884735,0.10488361,999.0,4.302213352173567,4.302213352173567,1.0
900000,1.388017,0.1146395,999.0,3.948784802447666,3.948784802447666,1.0
910000,1.3847561,0.21608457,999.0,8.513902982430798,8.513902982430798,1.0
920000,1.3832434,0.21370688,999.0,6.1373109345634775,6.1373109345634775,1.0
930000,1.3816595,0.259135,999.0,9.40078607912768,9.40078607912768,1.0
940000,1.3805904,0.27259958,999.0,9.727441955889974,9.727441955889974,1.0
950000,1.3792796,0.28325373,999.0,7.715473695347707,7.715473695347707,1.0
960000,1.3780367,0.3003891,999.0,8.471669139171189,8.471669139171189,1.0
970000,1.3769048,0.3378559,999.0,9.050575595881257,9.050575595881257,1.0
980000,1.3752716,0.41618973,999.0,7.5423236433416605,7.5423236433416605,1.0
990000,1.3744903,0.4491137,999.0,10.1734224927019,10.1734224927019,1.0
1000000,1.3724539,0.5377591,999.0,15.070078213300024,15.070078213300024,1.0
1010000,1.3718421,0.56975394,999.0,12.772610450163484,12.772610450163484,1.0
1020000,1.3695834,0.63808405,999.0,12.838812744075602,12.838812744075602,1.0
1030000,1.3692746,0.5268482,999.0,9.53715045005083,9.53715045005083,1.0
1040000,1.366987,0.5814227,999.0,11.09420952325066,11.09420952325066,1.0
1050000,1.366987,0.7053365,999.0,13.927926965735175,13.927926965735175,1.0
1060000,1.3642809,0.61606205,999.0,11.36119729067598,11.36119729067598,1.0
1070000,1.3642102,0.7996425,999.0,12.973283979420861,12.973283979420861,1.0
1080000,1.3610688,0.9628099,999.0,21.543987052684482,21.543987052684482,1.0
1090000,1.3607019,0.9075254,999.0,15.178742998412677,15.178742998412677,1.0
1100000,1.3600019,1.0133463,999.0,14.956048061450323,14.956048061450323,1.0
1110000,1.359867,1.0162289,999.0,20.081827251409944,20.081827251409944,1.0
1120000,1.3583729,1.0587766,999.0,16.04145929643086,16.04145929643086,1.0
1130000,1.3576858,1.1248928,999.0,18.13627238323291,18.13627238323291,1.0
1140000,1.3561028,1.1688054,999.0,18.233858361840248,18.233858361840248,1.0
1150000,1.3550141,1.2070291,999.0,21.325186728366784,21.325186728366784,1.0
1160000,1.3532621,1.3067495,999.0,19.71348210548361,19.71348210548361,1.0
1170000,1.3515904,1.3771845,999.0,21.081464046781715,21.081464046781715,1.0
1180000,1.3507947,1.3069412,999.0,18.245280538286483,18.245280538286483,1.0
1190000,1.3496634,1.4094604,999.0,20.54327603926261,20.54327603926261,1.0
1200000,1.3493272,1.4280269,999.0,18.937839784405448,18.937839784405448,1.0
1210000,1.3484533,1.5172617,999.0,23.419003406273468,23.419003406273468,1.0
1220000,1.347951,1.5048869,999.0,20.51789720232288,20.51789720232288,1.0
1230000,1.3460724,1.5423775,999.0,20.360612855716184,20.360612855716184,1.0
1240000,1.3457466,1.6716845,999.0,24.75990658679179,24.75990658679179,1.0
1250000,1.3434656,1.7803444,999.0,28.366835181911785,28.366835181911785,1.0
1260000,1.3434656,1.6127898,999.0,22.611961830746043,22.611961830746043,1.0
1270000,1.3412756,1.8507888,999.0,27.738626343863352,27.738626343863352,1.0
1280000,1.3412272,1.9201466,999.0,31.13446804260214,31.13446804260214,1.0
1290000,1.3388497,1.7393414,999.0,23.25002687627619,23.25002687627619,1.0
1300000,1.338579,1.9534111,999.0,25.470031565853528,25.470031565853528,1.0
1310000,1.3359339,2.0383723,999.0,26.972206247970462,26.972206247970462,1.0
1320000,1.3353976,1.9911644,999.0,24.436898171901703,24.436898171901703,1.0
1330000,1.3341247,2.0155983,999.0,21.903279227869852,21.903279227869852,1.0
1340000,1.3335494,2.1639442,999.0,26.26508256047964,26.26508256047964,1.0
1350000,1.3330094,2.1438804,999.0,26.106933627616275,26.106933627616275,1.0
1360000,1.3326439,2.1261744,999.0,29.623801606042043,29.623801606042043,1.0
1370000,1.3316922,2.2677913,999.0,26.268102248509724,26.268102248509724,1.0
1380000,1.3307897,2.169588,999.0,27.809447982094504,27.809447982094504,1.0
1390000,1.3297348,2.3027546,999.0,30.548375010490417,30.548375010490417,1.0
1400000,1.3282202,2.3589566,999.0,28.149811029434204,28.149811029434204,1.0
1410000,1.3273704,2.3327098,999.0,29.11402132836255,29.11402132836255,1.0
1420000,1.325206,2.4674392,999.0,31.57908833878381,31.57908833878381,1.0
1430000,1.3247715,2.4578319,999.0,25.46862385670344,25.46862385670344,1.0
1440000,1.3231308,2.603456,999.0,31.650679046457466,31.650679046457466,1.0
1450000,1.3229488,2.6283822,999.0,30.143775292805262,30.143775292805262,1.0
1460000,1.3216655,2.7976174,999.0,35.09803852190574,35.09803852190574,1.0
1470000,1.3216655,2.746541,999.0,32.968152886087246,32.968152886087246,1.0
1480000,1.3194541,2.7357032,999.0,29.388755900519236,29.388755900519236,1.0
1490000,1.3194025,2.767454,999.0,31.251479806999367,31.251479806999367,1.0
1500000,1.3176894,2.8492494,999.0,35.60508820143613,35.60508820143613,1.0
1510000,1.317499,2.6768088,999.0,30.663729752813065,30.663729752813065,1.0
1520000,1.3160906,2.7585883,999.0,29.953814797103405,29.953814797103405,1.0
1530000,1.3158066,2.833584,999.0,29.9106802073392,29.9106802073392,1.0
1540000,1.3140947,2.87672,999.0,36.31312587431499,36.31312587431499,1.0
1550000,1.3133181,2.952837,999.0,32.16072176148494,32.16072176148494,1.0
1560000,1.3120652,2.8113685,999.0,29.67847253517671,29.67847253517671,1.0
1570000,1.3112246,2.879375,999.0,27.293393995080674,27.293393995080674,1.0
1580000,1.3105118,2.9733324,999.0,33.39452240616083,33.39452240616083,1.0
1590000,1.3098342,2.7996726,999.0,26.689807206392288,26.689807206392288,1.0
1600000,1.3095629,2.8317845,999.0,28.27936279135091,28.27936279135091,1.0
1610000,1.3091795,3.0474994,999.0,36.290729239583015,36.290729239583015,1.0
1620000,1.3091089,2.8897274,999.0,29.906718911095098,29.906718911095098,1.0
1630000,1.3089211,3.136705,999.0,38.01820353950773,38.01820353950773,1.0
1640000,1.30872,3.0964265,999.0,34.469382594029106,34.469382594029106,1.0
1650000,1.307972,3.1474013,999.0,34.9940875091336,34.9940875091336,1.0
1660000,1.3078841,3.1446319,999.0,32.86422209867409,32.86422209867409,1.0
1670000,1.3072683,3.0841413,999.0,30.482876515636843,30.482876515636843,1.0
1680000,1.3072683,3.1263971,999.0,32.729659020900726,32.729659020900726,1.0
1690000,1.3068029,3.100575,999.0,30.29869273730687,30.29869273730687,1.0
1700000,1.3067887,3.1694455,999.0,32.92978182931741,32.92978182931741,1.0
1710000,1.3060719,3.3020606,999.0,37.22178686748851,37.22178686748851,1.0
1720000,1.3059876,3.2330785,999.0,35.59354696955,35.59354696955,1.0
1730000,1.3048363,3.317449,999.0,36.06474984933933,36.06474984933933,1.0
1740000,1.3046005,3.2400422,999.0,31.493078223683618,31.493078223683618,1.0
1750000,1.303644,3.3087554,999.0,37.74466416878359,37.74466416878359,1.0
1760000,1.3032148,3.298179,999.0,34.84327923754851,34.84327923754851,1.0
1770000,1.301666,3.3168492,999.0,36.107513189315796,36.107513189315796,1.0
1780000,1.3005984,3.4372554,999.0,37.924649843147826,37.924649843147826,1.0
1790000,1.2989424,3.4180279,999.0,37.577023446559906,37.577023446559906,1.0
1800000,1.2974017,3.408039,999.0,36.22304244474931,36.22304244474931,1.0
1810000,1.2961985,3.3614113,999.0,30.40808415412903,30.40808415412903,1.0
1820000,1.2944769,3.407524,999.0,34.16198091829816,34.16198091829816,1.0
1830000,1.293987,3.4524395,999.0,38.415600860660724,38.415600860660724,1.0
1840000,1.2927392,3.4954858,999.0,37.76284050941467,37.76284050941467,1.0
1850000,1.2922863,3.4270408,999.0,34.65415639989078,34.65415639989078,1.0
1860000,1.290615,3.4799614,999.0,36.544186397032306,36.544186397032306,1.0
1870000,1.2901998,3.4624038,999.0,37.63297741753714,37.63297741753714,1.0
1880000,1.2871954,3.5419502,999.0,34.103245322903,34.103245322903,1.0
1890000,1.2871954,3.4800828,999.0,36.392955427820034,36.392955427820034,1.0
1900000,1.285877,3.5994427,999.0,39.37297895976475,39.37297895976475,1.0
1910000,1.2858493,3.562526,999.0,34.517265851298966,34.517265851298966,1.0
1920000,1.2849537,3.5098176,999.0,35.0909940874712,35.0909940874712,1.0
1930000,1.2848508,3.6036465,999.0,40.79483228496143,40.79483228496143,1.0
1940000,1.2844815,3.550877,999.0,36.76252339283625,36.76252339283625,1.0
1950000,1.2844102,3.637062,999.0,37.55104800245979,37.55104800245979,1.0
1960000,1.2841426,3.618772,999.0,42.12775639125279,42.12775639125279,1.0
1970000,1.2840174,3.5839634,999.0,38.7397866944472,38.7397866944472,1.0
1980000,1.2834893,3.5840364,999.0,37.66187280416489,37.66187280416489,1.0
1990000,1.2831266,3.6514199,999.0,39.959734780447825,39.959734780447825,1.0
2000000,1.2817992,3.686814,999.0,42.023727824290596,42.023727824290596,1.0
2010000,1.2805308,3.6880252,999.0,39.67145499316129,39.67145499316129,1.0
2020000,1.2798816,3.699279,999.0,35.29151947157724,35.29151947157724,1.0
2030000,1.2789643,3.7590644,999.0,41.996661553780235,41.996661553780235,1.0
2040000,1.2787861,3.7583172,999.0,39.132178176533095,39.132178176533095,1.0
2050000,1.2783241,3.7662392,999.0,41.67644122668675,41.67644122668675,1.0
2060000,1.2779155,3.818517,999.0,39.65031083673239,39.65031083673239,1.0
2070000,1.2763678,3.8894506,999.0,41.34748448025096,41.34748448025096,1.0
2080000,1.2761314,3.8171837,999.0,36.21790599822998,36.21790599822998,1.0
2090000,1.2744484,3.940897,999.0,39.46334024767081,39.46334024767081,1.0
2100000,1.2744484,3.863379,999.0,37.40189675038511,37.40189675038511,1.0
2110000,1.272321,3.9541893,999.0,40.64931247064045,40.64931247064045,1.0
2120000,1.272272,3.8764374,999.0,39.30818538119396,39.30818538119396,1.0
2130000,1.2708122,3.7987351,999.0,34.14240095832131,34.14240095832131,1.0
2140000,1.270651,3.9744732,999.0,41.40839977349554,41.40839977349554,1.0
2150000,1.270378,4.017935,999.0,40.402127673228584,40.402127673228584,1.0
2160000,1.2703292,4.047265,999.0,43.764723561026834,43.764723561026834,1.0
2170000,1.2698023,4.022519,999.0,37.71060687303543,37.71060687303543,1.0
2180000,1.2695563,4.065078,999.0,40.488748639822006,40.488748639822006,1.0
2190000,1.2685388,4.065,999.0,38.35780157047239,38.35780157047239,1.0
2200000,1.2678419,4.0336785,999.0,38.14835843018123,38.14835843018123,1.0
2210000,1.2671585,4.025827,999.0,42.45784662167231,42.45784662167231,1.0
2220000,1.2665278,4.0724993,999.0,44.06405286355452,44.06405286355452,1.0
2230000,1.2659531,4.0536585,999.0,44.37598167146955,44.37598167146955,1.0
2240000,1.2651265,4.128836,999.0,37.58124166727066,37.58124166727066,1.0
2250000,1.2649429,4.2346277,999.0,44.87828848578713,44.87828848578713,1.0
2260000,1.2644557,4.1244364,999.0,39.29899035181318,39.29899035181318,1.0
2270000,1.2642277,4.169407,999.0,40.38134296486775,40.38134296486775,1.0
2280000,1.2633779,4.1311903,999.0,38.21676091985269,38.21676091985269,1.0
2290000,1.2630774,4.150381,999.0,42.74744070002011,42.74744070002011,1.0
2300000,1.2609507,4.175153,999.0,41.71160917977492,41.71160917977492,1.0
2310000,1.2609507,4.1509185,999.0,42.76874170520089,42.76874170520089,1.0
2320000,1.2579886,4.2201724,999.0,45.072197335106985,45.072197335106985,1.0
2330000,1.2579238,4.1623745,999.0,43.51660001774629,43.51660001774629,1.0
2340000,1.2562443,4.2020674,999.0,43.270554845983334,43.270554845983334,1.0
2350000,1.2560598,4.2455974,999.0,40.080355840069906,40.080355840069906,1.0
2360000,1.2555697,4.142492,999.0,42.001260509093605,42.001260509093605,1.0
2370000,1.2554646,4.2177763,999.0,40.21179801225662,40.21179801225662,1.0
2380000,1.2541837,4.1995897,999.0,45.06183116776602,45.06183116776602,1.0
2390000,1.2536013,4.2341824,999.0,43.19750890632471,43.19750890632471,1.0
2400000,1.2527542,4.163638,999.0,38.611209664832465,38.611209664832465,1.0
2410000,1.2521689,4.1804123,999.0,42.120598026684355,42.120598026684355,1.0
2420000,1.2516208,4.213958,999.0,44.45511367420355,44.45511367420355,1.0
2430000,1.2511019,4.149192,999.0,40.49786013093862,40.49786013093862,1.0
2440000,1.2511686,4.0838985,999.0,40.421808174678254,40.421808174678254,1.0
2450000,1.2512797,4.303151,999.0,47.64244508743286,47.64244508743286,1.0
2460000,1.2512343,4.152862,999.0,41.55555937506936,41.55555937506936,1.0
2470000,1.251105,4.222936,999.0,45.0674820286887,45.0674820286887,1.0
2480000,1.2506651,4.3100634,999.0,46.76484046379725,46.76484046379725,1.0
2490000,1.2490462,4.2950234,999.0,45.6559250571511,45.6559250571511,1.0
2500000,1.2488025,4.2095656,999.0,38.496003815105986,38.496003815105986,1.0
2510000,1.2470798,4.289741,999.0,43.40516842529178,43.40516842529178,1.0
2520000,1.2470798,4.261883,999.0,43.942243879491635,43.942243879491635,1.0
2530000,1.2448936,4.2552147,999.0,42.947063531194416,42.947063531194416,1.0
2540000,1.2448386,4.3536544,999.0,44.89521979292234,44.89521979292234,1.0
2550000,1.2426347,4.3563633,999.0,43.986478090286255,43.986478090286255,1.0
2560000,1.2423815,4.3298717,999.0,41.84459679467337,41.84459679467337,1.0
2570000,1.2397606,4.369684,999.0,42.911431734760605,42.911431734760605,1.0
2580000,1.239229,4.3802233,999.0,43.35882140289653,43.35882140289653,1.0
2590000,1.236758,4.4771852,999.0,48.231821639197214,48.231821639197214,1.0
2600000,1.2356471,4.351362,999.0,43.06253336866697,43.06253336866697,1.0
2610000,1.2341598,4.3573046,999.0,42.92248769239946,42.92248769239946,1.0
2620000,1.2331555,4.4680367,999.0,46.02543253558023,46.02543253558023,1.0
2630000,1.2323387,4.399644,999.0,44.70706916848818,44.70706916848818,1.0
2640000,1.2315767,4.385222,999.0,42.610714717344806,42.610714717344806,1.0
2650000,1.2305428,4.472493,999.0,43.16738180283989,43.16738180283989,1.0
2660000,1.2290637,4.4291334,999.0,45.76622452835242,45.76622452835242,1.0
2670000,1.2284659,4.414137,999.0,45.65441067110408,45.65441067110408,1.0
2680000,1.2269133,4.354036,999.0,46.47310868331364,46.47310868331364,1.0
2690000,1.2264076,4.321597,999.0,39.34976410865784,39.34976410865784,1.0
2700000,1.2245663,4.5144663,999.0,44.60807732018557,44.60807732018557,1.0
2710000,1.2244301,4.4674234,999.0,43.39448476263455,43.39448476263455,1.0
2720000,1.223469,4.550315,999.0,44.737978701790176,44.737978701790176,1.0
2730000,1.223469,4.531833,999.0,43.94203683496876,43.94203683496876,1.0
2740000,1.2234704,4.477952,999.0,44.618533653872355,44.618533653872355,1.0
2750000,1.2234727,4.3381004,999.0,37.225376346458994,37.225376346458994,1.0
2760000,1.2219342,4.4047785,999.0,42.09166285666552,42.09166285666552,1.0
2770000,1.2217448,4.443036,999.0,40.357356258801055,40.357356258801055,1.0
2780000,1.220306,4.478223,999.0,45.335251197218895,45.335251197218895,1.0
2790000,1.2200229,4.422985,999.0,43.53712211955678,43.53712211955678,1.0
2800000,1.2189418,4.3523197,999.0,46.3755752997739,46.3755752997739,1.0
2810000,1.2184544,4.4680605,999.0,39.81787066658338,39.81787066658338,1.0
2820000,1.2188072,4.3354754,999.0,43.15177986838601,43.15177986838601,1.0
2830000,1.2190558,4.442895,999.0,42.84987466675894,42.84987466675894,1.0
2840000,1.2176923,4.3255816,999.0,42.27910181879997,42.27910181879997,1.0
2850000,1.2163675,4.2976804,999.0,44.68220175396312,44.68220175396312,1.0
2860000,1.215898,4.4263926,999.0,46.929857867104666,46.929857867104666,1.0
2870000,1.2152436,4.2727423,999.0,40.846553444862366,40.846553444862366,1.0
2880000,1.214718,4.371113,999.0,44.26463307033885,44.26463307033885,1.0
2890000,1.2133553,4.3788476,999.0,46.00097388880594,46.00097388880594,1.0
2900000,1.2130463,4.2643743,999.0,42.326756159464516,42.326756159464516,1.0
2910000,1.2119082,4.2239046,999.0,41.3746194189245,41.3746194189245,1.0
2920000,1.2117277,4.324848,999.0,38.99810059155737,38.99810059155737,1.0
2930000,1.210434,4.2289386,999.0,42.62368667125702,42.62368667125702,1.0
2940000,1.210434,4.316787,999.0,45.2638539834456,45.2638539834456,1.0
2950000,1.2083896,4.3763704,999.0,46.77183028629848,46.77183028629848,1.0
2960000,1.2083361,4.3317137,999.0,47.327721099058785,47.327721099058785,1.0
2970000,1.2072332,4.4340296,999.0,46.11333204399455,46.11333204399455,1.0
2980000,1.2071077,4.3866935,999.0,42.86240451676505,42.86240451676505,1.0
2990000,1.2051228,4.346541,999.0,45.096588949362435,45.096588949362435,1.0
3000000,1.2047149,4.3447657,999.0,45.60146951675415,45.60146951675415,1.0
3010000,1.203925,4.532805,999.0,52.49292891366141,52.49292891366141,1.0
3020000,1.2035712,4.4825196,999.0,51.097627917925514,51.097627917925514,1.0
3030000,1.2030396,4.4919763,999.0,46.79412124238231,46.79412124238231,1.0
3040000,1.2026787,4.564325,999.0,50.478342056274414,50.478342056274414,1.0
3050000,1.2023876,4.5340757,999.0,50.113848408063255,50.113848408063255,1.0
3060000,1.2021152,4.5374613,999.0,42.022170727903195,42.022170727903195,1.0
3070000,1.2023503,4.549133,999.0,46.7238256590707,46.7238256590707,1.0
3080000,1.2026842,4.4907885,999.0,43.10974288235108,43.10974288235108,1.0
3090000,1.2024626,4.5809336,999.0,42.49997095628218,42.49997095628218,1.0
3100000,1.2018731,4.60232,999.0,47.50885772705078,47.50885772705078,1.0
3110000,1.2015803,4.550407,999.0,47.26025362809499,47.26025362809499,1.0
3120000,1.2004832,4.412126,999.0,38.600618535822086,38.600618535822086,1.0
3130000,1.200316,4.613623,999.0,46.35591639791216,46.35591639791216,1.0
3140000,1.1991615,4.5198946,999.0,47.02959364652634,47.02959364652634,1.0
3150000,1.1991615,4.3358793,999.0,40.24772704189474,40.24772704189474,1.0
3160000,1.1981608,4.6426697,999.0,46.44075566530228,46.44075566530228,1.0
3170000,1.1981379,4.6041365,999.0,47.98756494124731,47.98756494124731,1.0
3180000,1.1980102,4.5191207,999.0,46.21925965222445,46.21925965222445,1.0
3190000,1.1979979,4.6518493,999.0,44.98682904243469,44.98682904243469,1.0
3200000,1.1976295,4.661236,999.0,47.87903548280398,47.87903548280398,1.0
3210000,1.1975542,4.6566343,999.0,50.370690958743744,50.370690958743744,1.0
3220000,1.1959059,4.524923,999.0,41.47799348831177,41.47799348831177,1.0
3230000,1.1951497,4.691638,999.0,47.03913833697637,47.03913833697637,1.0
3240000,1.1943791,4.53055,999.0,46.07978285442699,46.07978285442699,1.0
3250000,1.1938581,4.741849,999.0,49.286655851772856,49.286655851772856,1.0
3260000,1.1933777,4.663034,999.0,50.66146844625473,50.66146844625473,1.0
3270000,1.1929283,4.6930246,999.0,47.11149648102847,47.11149648102847,1.0
3280000,1.1920905,4.695208,999.0,53.1275862966265,53.1275862966265,1.0
3290000,1.190885,4.520435,999.0,44.00847789645195,44.00847789645195,1.0
3300000,1.190809,4.6629424,999.0,49.330213487148285,49.330213487148285,1.0
3310000,1.1906377,4.6335497,999.0,43.14244026797159,43.14244026797159,1.0
3320000,1.1901649,4.6977677,999.0,46.975297232468925,46.975297232468925,1.0
3330000,1.1883781,4.622224,999.0,45.20547795295715,45.20547795295715,1.0
3340000,1.1882244,4.662381,999.0,43.289477565458846,43.289477565458846,1.0
3350000,1.1871955,4.736965,999.0,47.44358866289258,47.44358866289258,1.0
3360000,1.1871955,4.7140656,999.0,49.040249049663544,49.040249049663544,1.0
3370000,1.1859132,4.7964168,999.0,47.37666661398752,47.37666661398752,1.0
3380000,1.1858795,4.6758623,999.0,46.80954420566559,46.80954420566559,1.0
3390000,1.1845689,4.740217,999.0,45.814502981576055,45.814502981576055,1.0
3400000,1.1844246,4.8514323,999.0,47.69975207533155,47.69975207533155,1.0
3410000,1.1824582,4.8061295,999.0,50.1428827047348,50.1428827047348,1.0
3420000,1.182062,4.8526573,999.0,49.30191127380187,49.30191127380187,1.0
3430000,1.1811674,4.9393864,999.0,53.52063149213791,53.52063149213791,1.0
3440000,1.1807642,4.799891,999.0,47.760451878110565,47.760451878110565,1.0
3450000,1.1806903,4.8225737,999.0,46.64362226832997,46.64362226832997,1.0
3460000,1.1806456,4.6711555,999.0,38.13004982471466,38.13004982471466,1.0
3470000,1.1807874,4.7020235,999.0,43.29857769173881,43.29857769173881,1.0
3480000,1.1809237,4.8703623,999.0,49.82148799300194,49.82148799300194,1.0
3490000,1.1808624,4.8367414,999.0,47.19046693188803,47.19046693188803,1.0
3500000,1.1807661,4.8022947,999.0,46.64108728369077,46.64108728369077,1.0
3510000,1.1806904,4.8430877,999.0,48.5348906733773,48.5348906733773,1.0
3520000,1.1804731,4.818019,999.0,47.65656048910959,47.65656048910959,1.0
3530000,1.180118,4.663133,999.0,44.332084072443344,44.332084072443344,1.0
3540000,1.1787994,4.651865,999.0,45.33286961642179,45.33286961642179,1.0
3550000,1.1787518,4.7337265,999.0,43.063361461673466,43.063361461673466,1.0
3560000,1.1784688,4.821759,999.0,49.587757647037506,49.587757647037506,1.0
3570000,1.1784688,4.838633,999.0,53.01949275623668,53.01949275623668,1.0
3580000,1.1773173,4.9284377,999.0,47.57361155748367,47.57361155748367,1.0
3590000,1.177283,4.8411827,999.0,51.0294940272967,51.0294940272967,1.0
3600000,1.1765001,4.7928324,999.0,48.41966130516746,48.41966130516746,1.0
3610000,1.1764163,4.7974777,999.0,45.06294676235744,45.06294676235744,1.0
3620000,1.1747478,4.880439,999.0,51.012019991874695,51.012019991874695,1.0
3630000,1.1744137,4.788781,999.0,42.758451524105936,42.758451524105936,1.0
3640000,1.1734462,4.855788,999.0,47.2344856943403,47.2344856943403,1.0
3650000,1.1730155,4.8094225,999.0,47.48799935976664,47.48799935976664,1.0
3660000,1.1731687,4.9318414,999.0,52.88843844153664,52.88843844153664,1.0
3670000,1.1732832,4.9420385,999.0,52.16806544576372,52.16806544576372,1.0
3680000,1.1733313,4.8733673,999.0,47.2386389101545,47.2386389101545,1.0
3690000,1.1733706,4.934654,999.0,50.90759382464669,50.90759382464669,1.0
3700000,1.1728665,4.9135513,999.0,48.745849575315205,48.745849575315205,1.0
3710000,1.1721346,4.8744607,999.0,48.37528975804647,48.37528975804647,1.0
3720000,1.1720308,4.9422426,999.0,52.430669741197065,52.430669741197065,1.0
3730000,1.1717789,4.884725,999.0,47.2869644846235,47.2869644846235,1.0
3740000,1.1717539,4.914979,999.0,51.79188628991445,51.79188628991445,1.0
3750000,1.1716835,4.927274,999.0,52.16534133390947,52.16534133390947,1.0
3760000,1.1716404,4.9627733,999.0,52.385351760046824,52.385351760046824,1.0
3770000,1.171313,5.0135446,999.0,50.410121381282806,50.410121381282806,1.0
3780000,1.171313,5.0191684,999.0,50.718450958078556,50.718450958078556,1.0
3790000,1.1696649,4.9783816,999.0,49.04827053206308,49.04827053206308,1.0
3800000,1.1696274,4.9423904,999.0,46.61551251014074,46.61551251014074,1.0
3810000,1.1686682,5.123513,999.0,52.33137845993042,52.33137845993042,1.0
3820000,1.1685613,5.138461,999.0,52.38706588745117,52.38706588745117,1.0
3830000,1.1677978,5.0913973,999.0,51.62874738872051,51.62874738872051,1.0
3840000,1.167647,5.171766,999.0,50.93622100353241,50.93622100353241,1.0
3850000,1.1665705,5.041999,999.0,43.91522923537663,43.91522923537663,1.0
3860000,1.1660786,5.086516,999.0,49.91771885752678,49.91771885752678,1.0
3870000,1.1650184,5.128694,999.0,50.72941996834495,50.72941996834495,1.0
3880000,1.1643003,5.0516405,999.0,46.29906175817762,46.29906175817762,1.0
3890000,1.16318,5.0434403,999.0,50.38722622394562,50.38722622394562,1.0
3900000,1.1621267,5.0733237,999.0,46.56443214416504,46.56443214416504,1.0
3910000,1.161905,4.9011316,999.0,45.01869990144457,45.01869990144457,1.0
3920000,1.1616085,5.030033,999.0,48.08270731071631,48.08270731071631,1.0
3930000,1.1611439,4.990361,999.0,51.67196414687417,51.67196414687417,1.0
3940000,1.1599076,4.8354635,999.0,42.07823007447379,42.07823007447379,1.0
3950000,1.1594425,4.993011,999.0,50.6824426750342,50.6824426750342,1.0
3960000,1.1577173,4.9973,999.0,48.78448102690957,48.78448102690957,1.0
3970000,1.1574819,5.019162,999.0,49.44068835462843,49.44068835462843,1.0
3980000,1.1558279,4.9515624,999.0,50.24008131027222,50.24008131027222,1.0
3990000,1.1558279,4.966211,999.0,52.26594227010553,52.26594227010553,1.0
4000000,1.1541033,4.992952,999.0,46.67699677603586,46.67699677603586,1.0
4010000,1.1540623,5.0575385,999.0,49.418009539445244,49.418009539445244,1.0
4020000,1.153565,5.0084295,999.0,48.67020935903896,48.67020935903896,1.0
4030000,1.1535127,5.098481,999.0,54.310968603406636,54.310968603406636,1.0
4040000,1.1529723,4.933484,999.0,46.59630707899729,46.59630707899729,1.0
4050000,1.1528624,5.040492,999.0,51.77799531817436,51.77799531817436,1.0
4060000,1.1524934,5.0984087,999.0,53.51685503550938,53.51685503550938,1.0
4070000,1.1523322,5.125549,999.0,53.13888833920161,53.13888833920161,1.0
4080000,1.1520224,5.1295056,999.0,52.92189263755625,52.92189263755625,1.0
4090000,1.1518109,5.178847,999.0,53.33398488589695,53.33398488589695,1.0
4100000,1.1503891,5.1263795,999.0,51.80329451958338,51.80329451958338,1.0
4110000,1.1490314,5.0947547,999.0,50.44376348907297,50.44376348907297,1.0
4120000,1.1484666,5.0300117,999.0,46.92682670695441,46.92682670695441,1.0
4130000,1.1476766,4.991366,999.0,46.55064189682404,46.55064189682404,1.0
4140000,1.1476828,5.077452,999.0,50.18602726676247,50.18602726676247,1.0
4150000,1.1477096,5.103322,999.0,56.44407139505659,56.44407139505659,1.0
4160000,1.147784,5.048402,999.0,48.65700479348501,48.65700479348501,1.0
4170000,1.1480426,5.104825,999.0,53.89694634350863,53.89694634350863,1.0
4180000,1.1478497,5.0765457,999.0,53.39784894670759,53.39784894670759,1.0
4190000,1.1464158,5.0932493,999.0,48.553837855656944,48.553837855656944,1.0
4200000,1.1464158,5.0961,999.0,52.08698724616658,52.08698724616658,1.0
4210000,1.1457427,5.1113806,999.0,43.86545771360397,43.86545771360397,1.0
4220000,1.1457326,5.148691,999.0,52.65820997953415,52.65820997953415,1.0
4230000,1.1461306,5.1750627,999.0,49.82398164272308,49.82398164272308,1.0
4240000,1.1461747,5.1929703,999.0,51.42227285248892,51.42227285248892,1.0
4250000,1.1457957,5.142713,999.0,50.27647907783588,50.27647907783588,1.0
4260000,1.1457145,5.176596,999.0,48.35131135853854,48.35131135853854,1.0
4270000,1.1448865,5.0172224,999.0,42.8166994026729,42.8166994026729,1.0
4280000,1.1445034,5.143425,999.0,52.52691666285197,52.52691666285197,1.0
4290000,1.1432623,5.143066,999.0,52.35973654010079,52.35973654010079,1.0
4300000,1.1424121,5.0413218,999.0,48.6832950924124,48.6832950924124,1.0
4310000,1.141176,5.075039,999.0,49.50725990533829,49.50725990533829,1.0
4320000,1.1400155,5.0583405,999.0,53.1992383219979,53.1992383219979,1.0
4330000,1.1390471,5.05686,999.0,43.91248484168734,43.91248484168734,1.0
4340000,1.1376675,5.082086,999.0,53.28461145609617,53.28461145609617,1.0
4350000,1.1373205,5.1107063,999.0,54.3148917447437,54.3148917447437,1.0
4360000,1.1367037,5.0756783,999.0,48.9728182383946,48.9728182383946,1.0
4370000,1.13642,5.052571,999.0,49.96772048870722,49.96772048870722,1.0
4380000,1.1356794,5.096283,999.0,52.09684494408694,52.09684494408694,1.0
4390000,1.1354476,5.1093564,999.0,55.6094422680991,55.6094422680991,1.0
4400000,1.1344949,5.1353827,999.0,53.567966252565384,53.567966252565384,1.0
4410000,1.1344529,5.139828,999.0,54.225815670056775,54.225815670056775,1.0
4420000,1.13349,5.1099396,999.0,50.08307604278837,50.08307604278837,1.0
4430000,1.13349,5.0818152,999.0,46.51392604907354,46.51392604907354,1.0
4440000,1.1335055,5.084493,999.0,47.99524334614927,47.99524334614927,1.0
4450000,1.133503,5.2204695,999.0,56.053360666547505,56.053360666547505,1.0
4460000,1.1334978,5.108151,999.0,51.71139943102995,51.71139943102995,1.0
4470000,1.1334974,5.087472,999.0,50.045146530324764,50.045146530324764,1.0
4480000,1.1330149,5.0936346,999.0,43.81367761748178,43.81367761748178,1.0
4490000,1.1328621,5.219373,999.0,54.41885896523794,54.41885896523794,1.0
4500000,1.1319015,5.0262885,999.0,50.22690879214894,50.22690879214894,1.0
4510000,1.1314051,5.11231,999.0,55.22399009977068,55.22399009977068,1.0
4520000,1.1305234,5.2075553,999.0,51.589048405488334,51.589048405488334,1.0
4530000,1.1299297,5.227517,999.0,57.508709387345746,57.508709387345746,1.0
4540000,1.129632,5.095456,999.0,45.78088966437748,45.78088966437748,1.0
4550000,1.1293069,5.1895185,999.0,46.350405752658844,46.350405752658844,1.0
4560000,1.1290168,5.189754,999.0,51.003948493437335,51.003948493437335,1.0
4570000,1.1284932,5.137253,999.0,48.97807601519993,48.97807601519993,1.0
4580000,1.1280966,5.125808,999.0,49.51522254322966,49.51522254322966,1.0
4590000,1.1270746,5.1438627,999.0,51.01194158467379,51.01194158467379,1.0
4600000,1.1268758,5.141894,999.0,52.0128082207271,52.0128082207271,1.0
4610000,1.1260564,5.1425805,999.0,51.84629919131597,51.84629919131597,1.0
4620000,1.1260039,5.1215296,999.0,52.46527591618624,52.46527591618624,1.0
4630000,1.1248474,5.119307,999.0,51.73007602351053,51.73007602351053,1.0
4640000,1.1248474,5.063585,999.0,49.324519922335945,49.324519922335945,1.0
4650000,1.1240213,5.0921135,999.0,49.26178616556254,49.26178616556254,1.0
4660000,1.1240033,5.1301866,999.0,55.99000539098467,55.99000539098467,1.0
4670000,1.1222589,5.146951,999.0,50.60638837019602,50.60638837019602,1.0
4680000,1.1220559,5.183639,999.0,52.57375795190985,52.57375795190985,1.0
4690000,1.1200563,5.1639795,999.0,50.69437721797398,50.69437721797398,1.0
4700000,1.1194324,5.2032175,999.0,53.79183314243952,53.79183314243952,1.0
4710000,1.1183915,5.2440343,999.0,54.00073618238623,54.00073618238623,1.0
4720000,1.1178693,5.2054152,999.0,56.46267022405352,56.46267022405352,1.0
4730000,1.1172628,5.236462,999.0,48.752784391244255,48.752784391244255,1.0
4740000,1.1169622,5.210761,999.0,40.6854389147325,40.6854389147325,1.0
4750000,1.1164192,5.258171,999.0,46.33900491680418,46.33900491680418,1.0
4760000,1.1159561,5.279634,999.0,51.70276257395744,51.70276257395744,1.0
4770000,1.1154842,5.2403054,999.0,50.94459758834405,50.94459758834405,1.0
4780000,1.1148784,5.2620344,999.0,50.82886685643877,50.82886685643877,1.0
4790000,1.1150817,5.225548,999.0,51.381390611330666,51.381390611330666,1.0
4800000,1.1154597,5.231084,999.0,49.63339168375189,49.63339168375189,1.0
4810000,1.1153401,5.0764704,999.0,43.4033134664808,43.4033134664808,1.0
4820000,1.1149976,5.243791,999.0,53.56735194474459,53.56735194474459,1.0
4830000,1.1148298,5.204747,999.0,53.519563761624426,53.519563761624426,1.0
4840000,1.1135988,5.2459836,999.0,52.45177820750645,52.45177820750645,1.0
4850000,1.1135862,5.114682,999.0,49.62640467161933,49.62640467161933,1.0
4860000,1.113414,5.3000727,999.0,56.440967318686575,56.440967318686575,1.0
4870000,1.113414,5.18764,999.0,55.99954548903874,55.99954548903874,1.0
4880000,1.1134028,5.1496468,999.0,42.47194245706002,42.47194245706002,1.0
4890000,1.1134044,5.222808,999.0,46.9109833240509,46.9109833240509,1.0
4900000,1.1131076,5.2727184,999.0,54.025670869009836,54.025670869009836,1.0
4910000,1.1130458,5.144478,999.0,49.73917579154173,49.73917579154173,1.0
4920000,1.1120164,5.059105,999.0,47.0921990275383,47.0921990275383,1.0
4930000,1.111648,5.234072,999.0,53.04407017571585,53.04407017571585,1.0
4940000,1.110945,5.270869,999.0,53.1311980287234,53.1311980287234,1.0
4950000,1.1106082,5.121671,999.0,51.81123731353066,51.81123731353066,1.0
4960000,1.1109786,5.213328,999.0,48.027561153684346,48.027561153684346,1.0
4970000,1.1112938,5.201848,999.0,51.25147193732361,51.25147193732361,1.0
4980000,1.1114879,5.167521,999.0,51.734680219130084,51.734680219130084,1.0
4990000,1.1117259,5.0262985,999.0,44.36917134693691,44.36917134693691,1.0
5000000,1.1116412,4.9622774,999.0,45.78114430978894,45.78114430978894,1.0
5010000,1.1114866,5.1385317,999.0,53.378462141210385,53.378462141210385,1.0
5020000,1.1117587,4.9689326,999.0,48.93080588749477,48.93080588749477,1.0
5030000,1.1125089,4.960616,999.0,44.24817738930384,44.24817738930384,1.0
5040000,1.112448,5.0272093,999.0,45.38125670633533,45.38125670633533,1.0
5050000,1.111951,4.9789143,999.0,49.78846700702395,49.78846700702395,1.0
5060000,1.1119177,5.0959167,999.0,45.35233456889788,45.35233456889788,1.0
5070000,1.1114074,4.922899,999.0,46.86379677599127,46.86379677599127,1.0
5080000,1.1114074,5.0360146,999.0,43.380982058388845,43.380982058388845,1.0
5090000,1.1094384,5.0845504,999.0,51.74194989601771,51.74194989601771,1.0
5100000,1.109397,4.7604837,999.0,42.86477176438678,42.86477176438678,1.0
5110000,1.108334,4.8537135,999.0,50.74064013787678,50.74064013787678,1.0
5120000,1.1081235,4.9979253,999.0,48.29000065724055,48.29000065724055,1.0
5130000,1.1065713,5.007702,999.0,54.70447078618136,54.70447078618136,1.0
5140000,1.1060162,5.053833,999.0,46.26675888470241,46.26675888470241,1.0
5150000,1.1046937,4.8719473,999.0,48.850670143961906,48.850670143961906,1.0
5160000,1.1040574,4.8271194,999.0,44.55494296550751,44.55494296550751,1.0
5170000,1.1030548,5.049238,999.0,46.61554861494473,46.61554861494473,1.0
5180000,1.102217,5.0046415,999.0,48.030037462711334,48.030037462711334,1.0
5190000,1.1018388,5.0620933,999.0,52.4005901759321,52.4005901759321,1.0
5200000,1.1013606,5.1040654,999.0,52.503178460257395,52.503178460257395,1.0
5210000,1.1010407,5.067514,999.0,48.720426758130394,48.720426758130394,1.0
5220000,1.1004552,5.1235213,999.0,49.25638955289667,49.25638955289667,1.0
5230000,1.1002092,5.158868,999.0,55.915055581501555,55.915055581501555,1.0
5240000,1.0995281,5.1204104,999.0,51.61260998249054,51.61260998249054,1.0
5250000,1.0996182,4.966385,999.0,49.92127373001792,49.92127373001792,1.0
5260000,1.1002473,5.1406927,999.0,47.37233178104673,47.37233178104673,1.0
5270000,1.1001719,5.2019744,999.0,54.841781904300056,54.841781904300056,1.0
5280000,1.0988543,5.123447,999.0,52.23357385329225,52.23357385329225,1.0
5290000,1.0988543,5.0949287,999.0,53.99545155252729,53.99545155252729,1.0
5300000,1.0981302,5.141368,999.0,51.92216475804647,51.92216475804647,1.0
5310000,1.0981199,5.154087,999.0,51.31877692179246,51.31877692179246,1.0
5320000,1.0978416,5.205175,999.0,53.46441394942148,53.46441394942148,1.0
5330000,1.0977876,4.9805446,999.0,47.35721952716509,47.35721952716509,1.0
5340000,1.0982561,5.0153313,999.0,49.00251831791618,49.00251831791618,1.0
5350000,1.0984237,4.9959908,999.0,53.25414623532976,53.25414623532976,1.0
5360000,1.098413,5.1015434,999.0,48.705008420472346,48.705008420472346,1.0
5370000,1.0983973,5.0988746,999.0,52.964055733247235,52.964055733247235,1.0
5380000,1.097237,5.273501,999.0,54.86254777227129,54.86254777227129,1.0
5390000,1.0962503,5.269872,999.0,52.31362447142601,52.31362447142601,1.0
5400000,1.0954978,5.249025,999.0,53.247624982487075,53.247624982487075,1.0
5410000,1.0945227,5.2333713,999.0,49.95452666282654,49.95452666282654,1.0
5420000,1.0942098,5.1329207,999.0,49.4963820942988,49.4963820942988,1.0
5430000,1.093648,5.1461616,999.0,50.20046838847074,50.20046838847074,1.0
5440000,1.0934349,5.1516523,999.0,39.705196142196655,39.705196142196655,1.0
5450000,1.0928661,5.1586614,999.0,53.30148380994797,53.30148380994797,1.0
5460000,1.092686,5.1584387,999.0,53.767222529107876,53.767222529107876,1.0
5470000,1.0913041,5.102399,999.0,47.253601976803374,47.253601976803374,1.0
5480000,1.0912008,5.0044537,999.0,52.164750615755715,52.164750615755715,1.0
5490000,1.08953,5.119512,999.0,50.12079296904531,50.12079296904531,1.0
5500000,1.08953,5.1531744,999.0,58.081035545894075,58.081035545894075,1.0
5510000,1.0900108,5.193422,999.0,49.584992945194244,49.584992945194244,1.0
5520000,1.0900271,5.1952906,999.0,52.76717062429948,52.76717062429948,1.0
5530000,1.0902733,5.2677484,999.0,53.73142981529236,53.73142981529236,1.0
5540000,1.090317,5.214076,999.0,56.82780383030573,56.82780383030573,1.0
5550000,1.0896846,5.161381,999.0,51.40868206999519,51.40868206999519,1.0
5560000,1.0894681,5.2289357,999.0,48.21305956159319,48.21305956159319,1.0
5570000,1.0888124,5.2105355,999.0,51.89662720511357,51.89662720511357,1.0
5580000,1.0884867,4.945047,999.0,38.67264703593471,38.67264703593471,1.0
5590000,1.088058,5.256124,999.0,53.41138218981879,53.41138218981879,1.0
5600000,1.0877011,5.350585,999.0,54.997703510026135,54.997703510026135,1.0
5610000,1.0870994,5.1513124,999.0,49.97413375025446,49.97413375025446,1.0
5620000,1.0863267,5.2375307,999.0,49.607432782649994,49.607432782649994,1.0
5630000,1.0863417,5.3316174,999.0,54.71197169025739,54.71197169025739,1.0
5640000,1.0863683,5.3020167,999.0,56.31777676127174,56.31777676127174,1.0
5650000,1.0860999,5.2598495,999.0,54.550788164138794,54.550788164138794,1.0
5660000,1.0853747,5.0893493,999.0,46.69139714539051,46.69139714539051,1.0
5670000,1.0851963,5.227779,999.0,51.2726884430105,51.2726884430105,1.0
5680000,1.0839366,5.3519425,999.0,57.74628227097647,57.74628227097647,1.0
5690000,1.0839765,5.300219,999.0,55.40692070623239,55.40692070623239,1.0
5700000,1.0847123,5.310983,999.0,52.88389172337272,52.88389172337272,1.0
5710000,1.0847123,5.288118,999.0,50.8253037418638,50.8253037418638,1.0
5720000,1.0850067,5.3063216,999.0,55.563718212147556,55.563718212147556,1.0
5730000,1.0850066,5.163694,999.0,49.625471418554135,49.625471418554135,1.0
5740000,1.0836288,5.2009773,999.0,51.393882036209106,51.393882036209106,1.0
5750000,1.0833466,5.2927756,999.0,49.40805738667647,49.40805738667647,1.0
5760000,1.0821432,5.190259,999.0,53.402268068356946,53.402268068356946,1.0
5770000,1.0817174,5.2803836,999.0,51.879921776907786,51.879921776907786,1.0
5780000,1.0808054,5.1283593,999.0,50.74198537195722,50.74198537195722,1.0
5790000,1.0803716,5.1580477,999.0,52.27492616393349,52.27492616393349,1.0
5800000,1.0798444,5.2723784,999.0,49.67480478914721,49.67480478914721,1.0
5810000,1.0794046,5.36205,999.0,56.0860995054245,56.0860995054245,1.0
5820000,1.0793476,5.2307878,999.0,51.37126398086548,51.37126398086548,1.0
5830000,1.079283,5.1887503,999.0,48.98781033924648,48.98781033924648,1.0
5840000,1.0788552,5.20033,999.0,53.27264451980591,53.27264451980591,1.0
5850000,1.0780725,5.1823106,999.0,48.059291373599656,48.059291373599656,1.0
5860000,1.0777591,5.215004,999.0,49.012126352105824,49.012126352105824,1.0
5870000,1.0769184,5.3132563,999.0,55.51035448908806,55.51035448908806,1.0
5880000,1.0767858,5.2280436,999.0,51.71310684897683,51.71310684897683,1.0
5890000,1.0757483,5.1583076,999.0,46.18106902710029,46.18106902710029,1.0
5900000,1.0756688,5.3138785,999.0,54.765753308931984,54.765753308931984,1.0
5910000,1.0744467,5.3802676,999.0,53.04657591472972,53.04657591472972,1.0
5920000,1.0744467,5.2814636,999.0,51.989794914211544,51.989794914211544,1.0
5930000,1.0728807,5.310755,999.0,51.992935717105865,51.992935717105865,1.0
5940000,1.0728352,5.3498034,999.0,52.41909436746077,52.41909436746077,1.0
5950000,1.072197,5.3002396,999.0,50.54939469269344,50.54939469269344,1.0
5960000,1.0720692,5.105469,999.0,48.8525013923645,48.8525013923645,1.0
5970000,1.0714167,5.3579664,999.0,54.703881372104995,54.703881372104995,1.0
5980000,1.0711802,5.178354,999.0,45.29914089398725,45.29914089398725,1.0
5990000,1.0703,5.3689055,999.0,52.555949042240776,52.555949042240776,1.0
6000000,1.0698775,5.3906426,999.0,57.81693049181592,57.81693049181592,1.0
6010000,1.0694243,5.261554,999.0,56.43751176765987,56.43751176765987,1.0
6020000,1.0690452,5.294015,999.0,50.11744306484858,50.11744306484858,1.0
6030000,1.0687153,5.3109846,999.0,55.92674883929166,55.92674883929166,1.0
6040000,1.0682861,5.4203,999.0,55.19244074821472,55.19244074821472,1.0
6050000,1.0677028,5.4655237,999.0,56.09854059418043,56.09854059418043,1.0
6060000,1.0666505,5.3137255,999.0,50.77045698599382,50.77045698599382,1.0
6070000,1.0660721,5.4784937,999.0,54.591782740184236,54.591782740184236,1.0
6080000,1.0645114,5.4287634,999.0,51.166283186525106,51.166283186525106,1.0
6090000,1.064332,5.4011574,999.0,54.26386447386308,54.26386447386308,1.0
6100000,1.0630023,5.347457,999.0,47.228001662663054,47.228001662663054,1.0
6110000,1.063018,5.429184,999.0,51.381407042344414,51.381407042344414,1.0
6120000,1.0633726,5.4540367,999.0,56.31189899011092,56.31189899011092,1.0
6130000,1.0633725,5.385284,999.0,51.46183351108006,51.46183351108006,1.0
6140000,1.0632746,5.5150843,999.0,53.327446142832436,53.327446142832436,1.0
6150000,1.0632657,5.234127,999.0,52.5959838737141,52.5959838737141,1.0
6160000,1.0628407,5.489835,999.0,51.59606974465506,51.59606974465506,1.0
6170000,1.0627564,5.405942,999.0,55.307218849658966,55.307218849658966,1.0
6180000,1.0618207,5.436078,999.0,53.26685456796126,53.26685456796126,1.0
6190000,1.0614873,5.4805565,999.0,57.572575501033235,57.572575501033235,1.0
6200000,1.0604093,5.560893,999.0,57.320080975691475,57.320080975691475,1.0
6210000,1.0598851,5.452636,999.0,50.83472464301369,50.83472464301369,1.0
6220000,1.0594743,5.52839,999.0,56.46490812301636,56.46490812301636,1.0
6230000,1.0591334,5.4983015,999.0,52.169848104317985,52.169848104317985,1.0
6240000,1.0588531,5.39593,999.0,50.16856146400625,50.16856146400625,1.0
6250000,1.0584992,5.4960046,999.0,57.1484181029456,57.1484181029456,1.0
6260000,1.0580741,5.4929223,999.0,54.00044897198677,54.00044897198677,1.0
6270000,1.0573119,5.4831834,999.0,54.909192605452105,54.909192605452105,1.0
6280000,1.0570147,5.4937363,999.0,56.51334507124765,56.51334507124765,1.0
6290000,1.0562085,5.496106,999.0,54.58091657360395,54.58091657360395,1.0
6300000,1.0559095,5.509794,999.0,55.19207507913763,55.19207507913763,1.0
6310000,1.053715,5.606397,999.0,58.97427296638489,58.97427296638489,1.0
6320000,1.0535939,5.5828557,999.0,57.747907400131226,57.747907400131226,1.0
6330000,1.0516261,5.5875983,999.0,53.96962623162703,53.96962623162703,1.0
6340000,1.0516261,5.6165557,999.0,57.57635603632246,57.57635603632246,1.0
6350000,1.0509777,5.5706873,999.0,51.11853206157684,51.11853206157684,1.0
6360000,1.0509652,5.5727015,999.0,53.560993535952136,53.560993535952136,1.0
6370000,1.0506854,5.483485,999.0,52.095895869391306,52.095895869391306,1.0
6380000,1.0506285,5.529989,999.0,51.66646966338158,51.66646966338158,1.0
6390000,1.0507965,5.429312,999.0,51.5621092969721,51.5621092969721,1.0
6400000,1.0508556,5.5645266,999.0,56.1286883354187,56.1286883354187,1.0
6410000,1.0503821,5.4862432,999.0,55.3849506576856,55.3849506576856,1.0
6420000,1.0501584,5.4272985,999.0,51.03788490728898,51.03788490728898,1.0
6430000,1.0498898,5.2925096,999.0,46.239143882478984,46.239143882478984,1.0
6440000,1.0496732,5.627501,999.0,55.2242514838775,55.2242514838775,1.0
6450000,1.0492331,5.5637674,999.0,57.533030639995225,57.533030639995225,1.0
6460000,1.0486757,5.460722,999.0,57.78721741267613,57.78721741267613,1.0
6470000,1.0482837,5.3553514,999.0,46.089048669983946,46.089048669983946,1.0
6480000,1.0475739,5.470445,999.0,49.84219358184121,49.84219358184121,1.0
6490000,1.0476383,5.6397314,999.0,58.48372868129185,58.48372868129185,1.0
6500000,1.0478269,5.6126122,999.0,53.44004172583421,53.44004172583421,1.0
6510000,1.0479121,5.676132,999.0,56.70631901648912,56.70631901648912,1.0
6520000,1.048548,5.6878047,999.0,57.126578841890606,57.126578841890606,1.0
6530000,1.04849,5.6768775,999.0,55.852322379748024,55.852322379748024,1.0
6540000,1.047388,5.549798,999.0,52.81273617256772,52.81273617256772,1.0
6550000,1.047388,5.5604544,999.0,55.17785511698042,55.17785511698042,1.0
6560000,1.0467138,5.485486,999.0,50.14794781804085,50.14794781804085,1.0
6570000,1.0466987,5.549675,999.0,50.89015533504161,50.89015533504161,1.0
6580000,1.0459484,5.480542,999.0,49.761179140635896,49.761179140635896,1.0
6590000,1.045801,5.5816317,999.0,54.76870451370875,54.76870451370875,1.0
6600000,1.0446781,5.5159984,999.0,53.75957256013697,53.75957256013697,1.0
6610000,1.044286,5.5505896,999.0,55.79519820213318,55.79519820213318,1.0
6620000,1.043295,5.452361,999.0,52.35670818885168,52.35670818885168,1.0
6630000,1.0428231,5.4759254,999.0,52.43994874642654,52.43994874642654,1.0
6640000,1.0422599,5.3879714,999.0,54.46810599735805,54.46810599735805,1.0
6650000,1.0417862,5.442088,999.0,45.226991007725395,45.226991007725395,1.0
6660000,1.0413195,5.477471,999.0,56.04045942154798,56.04045942154798,1.0
6670000,1.0407325,5.424321,999.0,52.897585936955046,52.897585936955046,1.0
6680000,1.0402071,5.4326158,999.0,51.46429571509361,51.46429571509361,1.0
6690000,1.039263,5.488547,999.0,54.03161539950154,54.03161539950154,1.0
6700000,1.0387385,5.551004,999.0,56.845544133867534,56.845544133867534,1.0
6710000,1.0372869,5.307138,999.0,50.803610070608556,50.803610070608556,1.0
6720000,1.0372194,5.4619627,999.0,52.777632995085284,52.777632995085284,1.0
6730000,1.0367383,5.4834414,999.0,53.806080877780914,53.806080877780914,1.0
6740000,1.0366884,5.5160613,999.0,55.871639969448246,55.871639969448246,1.0
6750000,1.0358212,5.531084,999.0,51.19507349079306,51.19507349079306,1.0
6760000,1.0358212,5.5654354,999.0,56.48964902332851,56.48964902332851,1.0
6770000,1.0343169,5.4540625,999.0,47.1889175872008,47.1889175872008,1.0
6780000,1.034277,5.575593,999.0,56.610929264263675,56.610929264263675,1.0
6790000,1.0335261,5.6154594,999.0,57.05660394259861,57.05660394259861,1.0
6800000,1.0333794,5.6175027,999.0,53.02928430835406,53.02928430835406,1.0
6810000,1.031954,5.4624496,999.0,54.323379798368975,54.323379798368975,1.0
6820000,1.0314475,5.553815,999.0,54.49046434674944,54.49046434674944,1.0
6830000,1.0300778,5.533347,999.0,53.48344603677591,53.48344603677591,1.0
6840000,1.0294217,5.5879297,999.0,52.78750066323714,52.78750066323714,1.0
6850000,1.0282924,5.657736,999.0,58.8579751423427,58.8579751423427,1.0
6860000,1.0273588,5.634553,999.0,56.79107015083233,56.79107015083233,1.0
6870000,1.0262556,5.663713,999.0,58.11515179547396,58.11515179547396,1.0
6880000,1.0248605,5.636694,999.0,55.27425626346043,55.27425626346043,1.0
6890000,1.0244784,5.550612,999.0,52.4863806416591,52.4863806416591,1.0
6900000,1.0238047,5.669318,999.0,56.95765350081704,56.95765350081704,1.0
6910000,1.0233012,5.599368,999.0,52.2376116003309,52.2376116003309,1.0
6920000,1.0219069,5.3434067,999.0,47.90476397673289,47.90476397673289,1.0
6930000,1.0217631,5.5828943,999.0,54.24284069646489,54.24284069646489,1.0
6940000,1.0207136,5.640994,999.0,56.85315918922424,56.85315918922424,1.0
6950000,1.0206245,5.549638,999.0,50.56836904088656,50.56836904088656,1.0
6960000,1.0191324,5.615291,999.0,57.04350412975658,57.04350412975658,1.0
6970000,1.0191324,5.6062355,999.0,52.118049485342844,52.118049485342844,1.0
6980000,1.0176027,5.620081,999.0,53.71137424310049,53.71137424310049,1.0
6990000,1.017565,5.563523,999.0,55.276511213996194,55.276511213996194,1.0
7000000,1.015269,5.5114036,999.0,49.73917096001761,49.73917096001761,1.0
7010000,1.0148089,5.558882,999.0,55.34562955300013,55.34562955300013,1.0
7020000,1.0144461,5.5633965,999.0,52.91351782191884,52.91351782191884,1.0
7030000,1.0143291,5.5771875,999.0,56.00028259413583,56.00028259413583,1.0
7040000,1.014074,5.559708,999.0,55.456969261169434,55.456969261169434,1.0
7050000,1.0139482,5.449881,999.0,54.54121273078702,54.54121273078702,1.0
7060000,1.0136541,5.5420084,999.0,53.540290083204,53.540290083204,1.0
7070000,1.0134076,5.526742,999.0,55.70763220389684,55.70763220389684,1.0
7080000,1.0126463,5.5182786,999.0,53.87472046505321,53.87472046505321,1.0
7090000,1.0116646,5.418199,999.0,52.02687792267118,52.02687792267118,1.0
7100000,1.0109456,5.520073,999.0,51.11464516321818,51.11464516321818,1.0
7110000,1.0096647,5.5296564,999.0,57.3492233319716,57.3492233319716,1.0
7120000,1.0093896,5.545385,999.0,48.992276310920715,48.992276310920715,1.0
7130000,1.0086421,5.537912,999.0,52.979859379430614,52.979859379430614,1.0
7140000,1.0086918,5.591086,999.0,58.6986443400383,58.6986443400383,1.0
7150000,1.0090315,5.49637,999.0,48.51393103599548,48.51393103599548,1.0
7160000,1.0089717,5.540005,999.0,53.67269800106684,53.67269800106684,1.0
7170000,1.0079039,5.514388,999.0,54.25642400438135,54.25642400438135,1.0
7180000,1.0079039,5.546151,999.0,59.73366245201656,59.73366245201656,1.0
7190000,1.0061827,5.553305,999.0,52.36476235588392,52.36476235588392,1.0
7200000,1.0061358,5.565792,999.0,54.78312451189215,54.78312451189215,1.0
7210000,1.0062199,5.503531,999.0,47.79311115401132,47.79311115401132,1.0
7220000,1.006243,5.5685835,999.0,56.06982592741648,56.06982592741648,1.0
7230000,1.0060935,5.531491,999.0,54.786066976460546,54.786066976460546,1.0
7240000,1.006035,5.604137,999.0,57.112012318202424,57.112012318202424,1.0
7250000,1.0050476,5.532557,999.0,56.02028993765513,56.02028993765513,1.0
7260000,1.004569,5.5965614,999.0,58.11630032617938,58.11630032617938,1.0
7270000,1.0032074,5.5819793,999.0,55.56083374364035,55.56083374364035,1.0
7280000,1.0020618,5.572691,999.0,56.467090825239815,56.467090825239815,1.0
7290000,1.0011203,5.539003,999.0,52.941830071535975,52.941830071535975,1.0
7300000,0.9999206,5.6297097,999.0,56.324571513703894,56.324571513703894,1.0
7310000,0.9996507,5.543872,999.0,53.191628654797874,53.191628654797874,1.0
7320000,0.9991759,5.6295996,999.0,58.53323718634519,58.53323718634519,1.0
7330000,0.9990788,5.6082144,999.0,57.13951359476362,57.13951359476362,1.0
7340000,0.998823,5.635681,999.0,51.86283798019091,51.86283798019091,1.0
7350000,0.99875474,5.641319,999.0,57.62803541530263,57.62803541530263,1.0
7360000,0.9982345,5.696786,999.0,57.923988240105764,57.923988240105764,1.0
7370000,0.99812734,5.554891,999.0,54.32109524806341,54.32109524806341,1.0
7380000,0.9962547,5.6104264,999.0,53.40112020752647,53.40112020752647,1.0
7390000,0.99625474,5.722028,999.0,51.09329645974295,51.09329645974295,1.0
7400000,0.9945656,5.6609907,999.0,57.94502538442612,57.94502538442612,1.0
7410000,0.99452215,5.588605,999.0,49.703653660687536,49.703653660687536,1.0
7420000,0.99438345,5.630888,999.0,53.749284335545134,53.749284335545134,1.0
7430000,0.99435616,5.7020884,999.0,57.16688241561254,57.16688241561254,1.0
7440000,0.99422765,5.553533,999.0,48.33127405426719,48.33127405426719,1.0
7450000,0.9941816,5.656918,999.0,58.11596196038382,58.11596196038382,1.0
7460000,0.9939341,5.682224,999.0,54.22058942914009,54.22058942914009,1.0
7470000,0.99380803,5.6634183,999.0,58.47057084603743,58.47057084603743,1.0
7480000,0.99265367,5.6519003,999.0,58.78910674367632,58.78910674367632,1.0
7490000,0.99167424,5.622557,999.0,55.06651330770304,55.06651330770304,1.0
7500000,0.99096274,5.6255045,999.0,58.135662057183005,58.135662057183005,1.0
7510000,0.9900665,5.64433,999.0,59.10510645593916,59.10510645593916,1.0
7520000,0.9901288,5.6764693,999.0,55.319449772437416,55.319449772437416,1.0
7530000,0.9902427,5.686956,999.0,56.97619045864452,56.97619045864452,1.0
7540000,0.98995346,5.599501,999.0,53.20556361334665,53.20556361334665,1.0
7550000,0.98914546,5.6388254,999.0,52.231902758280434,52.231902758280434,1.0
7560000,0.9890712,5.7174253,999.0,60.28289280019023,60.28289280019023,1.0
7570000,0.98855776,5.6432104,999.0,53.53231413023813,53.53231413023813,1.0
7580000,0.9885301,5.716667,999.0,59.694920440514885,59.694920440514885,1.0
7590000,0.9880209,5.6930337,999.0,54.85052315755324,54.85052315755324,1.0
7600000,0.98802096,5.698413,999.0,55.48550169808524,55.48550169808524,1.0
7610000,0.98647296,5.7356687,999.0,57.092304120461144,57.092304120461144,1.0
7620000,0.9864328,5.697553,999.0,59.14084937355735,59.14084937355735,1.0
7630000,0.98464686,5.724168,999.0,53.1857773235866,53.1857773235866,1.0
7640000,0.9842901,5.732119,999.0,59.821526408195496,59.821526408195496,1.0
7650000,0.98219424,5.592556,999.0,54.50509372624484,54.50509372624484,1.0
7660000,0.9814492,5.6552267,999.0,55.19785690307617,55.19785690307617,1.0
7670000,0.98174155,5.695516,999.0,54.94343828161558,54.94343828161558,1.0
7680000,0.981899,5.583622,999.0,50.2669501372359,50.2669501372359,1.0
7690000,0.9817853,5.709096,999.0,58.737853629248484,58.737853629248484,1.0
7700000,0.9816827,5.7352524,999.0,56.906116346518196,56.906116346518196,1.0
7710000,0.98076195,5.6396704,999.0,55.755432388999246,55.755432388999246,1.0
7720000,0.9795777,5.720575,999.0,57.50659952844892,57.50659952844892,1.0
7730000,0.979055,5.7133303,999.0,56.427663723627724,56.427663723627724,1.0
7740000,0.9781379,5.707854,999.0,56.21813108704307,56.21813108704307,1.0
7750000,0.9777864,5.70255,999.0,57.97297739982605,57.97297739982605,1.0
7760000,0.9768179,5.7170897,999.0,59.52506082256635,59.52506082256635,1.0
7770000,0.9768694,5.693854,999.0,58.22502333467657,58.22502333467657,1.0
7780000,0.9772961,5.6281977,999.0,59.50504885401045,59.50504885401045,1.0
7790000,0.9772942,5.6547623,999.0,52.718762834866844,52.718762834866844,1.0
7800000,0.9771483,5.7300386,999.0,57.632127263329245,57.632127263329245,1.0
7810000,0.97714835,5.662111,999.0,51.87298245089395,51.87298245089395,1.0
7820000,0.97566956,5.5306273,999.0,53.58970389763514,53.58970389763514,1.0
7830000,0.9756346,5.655442,999.0,57.31796479225159,57.31796479225159,1.0
7840000,0.9755098,5.66699,999.0,57.685085330690654,57.685085330690654,1.0
7850000,0.97548765,5.652074,999.0,57.70315293471018,57.70315293471018,1.0
7860000,0.97552425,5.6751175,999.0,52.08996510505676,52.08996510505676,1.0
7870000,0.97553664,5.6580863,999.0,53.51345140593393,53.51345140593393,1.0
7880000,0.974982,5.7317233,999.0,56.981664116183914,56.981664116183914,1.0
7890000,0.97471786,5.714546,999.0,57.1765548099171,57.1765548099171,1.0
7900000,0.9747452,5.6623106,999.0,54.43409650666373,54.43409650666373,1.0
7910000,0.9747693,5.7373786,999.0,56.97342829902967,56.97342829902967,1.0
7920000,0.97430444,5.6588593,999.0,56.36616504192352,56.36616504192352,1.0
7930000,0.9736949,5.7071085,999.0,47.897510869162424,47.897510869162424,1.0
7940000,0.9733556,5.733564,999.0,57.449124137560524,57.449124137560524,1.0
7950000,0.9727461,5.577802,999.0,49.77015928788619,49.77015928788619,1.0
7960000,0.9723074,5.7445164,999.0,55.28479950768607,55.28479950768607,1.0
7970000,0.9711034,5.7302732,999.0,58.98828774690628,58.98828774690628,1.0
7980000,0.97085047,5.7096596,999.0,56.2145958813754,56.2145958813754,1.0
7990000,0.9689856,5.74454,999.0,56.31260239226477,56.31260239226477,1.0
8000000,0.9689289,5.7347684,999.0,60.11596020062765,60.11596020062765,1.0
8010000,0.9680221,5.740615,999.0,54.705483783375136,54.705483783375136,1.0
8020000,0.9680221,5.7466564,999.0,54.8169880253928,54.8169880253928,1.0
8030000,0.96654415,5.717615,999.0,55.629976193110146,55.629976193110146,1.0
8040000,0.96650684,5.7043347,999.0,57.796405445445664,57.796405445445664,1.0
8050000,0.96518123,5.7098346,999.0,53.64665383952005,53.64665383952005,1.0
8060000,0.9649219,5.7283273,999.0,56.32102754215399,56.32102754215399,1.0
8070000,0.9638733,5.7288857,999.0,55.861460729078814,55.861460729078814,1.0
8080000,0.96350837,5.7468247,999.0,59.46293544769287,59.46293544769287,1.0
8090000,0.9625739,5.736125,999.0,57.674189607302345,57.674189607302345,1.0
8100000,0.9621259,5.608904,999.0,51.86944814161821,51.86944814161821,1.0
8110000,0.9609801,5.695756,999.0,50.93567613192967,50.93567613192967,1.0
8120000,0.96002036,5.6676564,999.0,49.73340799411138,49.73340799411138,1.0
8130000,0.9592702,5.649926,999.0,49.704682902856305,49.704682902856305,1.0
8140000,0.95831114,5.585719,999.0,59.2636068889073,59.2636068889073,1.0
8150000,0.9579941,5.60096,999.0,55.39946711063385,55.39946711063385,1.0
8160000,0.95742875,5.634717,999.0,56.65613842552359,56.65613842552359,1.0
8170000,0.957061,5.644459,999.0,59.065457241875784,59.065457241875784,1.0
